Update Time Stamp,Tested As Of,Daily RTPCR tests,Total RTPCR tests,Total Samples Tested,Total Individuals Tested,Total Positive Cases,Tests conducted by Private Labs,Sample Reported today,Positive cases from samples reported,Source,Source 1,Source 3,Test positivity rate,Individuals Tested Per Confirmed Case,Tests Per Confirmed Case,Tests per million
13/03/2020 00:00:00,13/03/2020,,,6500,5900,78,,,,Press_Release_ICMR_13March2020.pdf,,,1.20%,75.64,83.33,5
18/03/2020 18:00:00,18/03/2020,,,13125,12235,150,,,,ICMR_website_update_18March_6PM_IST.pdf,,,1.14%,81.57,87.50,10
19/03/2020 10:00:00,19/03/2020,,,13316,12426,168,,,,ICMR_website_update_19March_10AM_IST_V2.pdf,,,1.26%,73.96,79.26,10
19/03/2020 18:00:00,19/03/2020,,,14175,13285,182,,,,ICMR_website_update_19March_6PM_IST.pdf,,,1.28%,72.99,77.88,11
20/03/2020 10:00:00,20/03/2020,,,14376,13486,206,,,,ICMR_website_update_20March_10AM_IST.pdf,,,1.43%,65.47,69.79,11
20/03/2020 18:00:00,20/03/2020,,,15404,14514,236,,,,ICMR_website_update_20March_6PM_IST.pdf,,,1.53%,61.50,65.27,12
21/03/2020 10:00:00,21/03/2020,,,15701,14811,271,,,,ICMR_website_update_21March_10AM_IST.pdf,,,1.73%,54.65,57.94,12
21/03/2020 18:00:00,21/03/2020,,,16911,16021,315,,,,ICMR_website_update_21March_6PM_IST.pdf,,,1.86%,50.86,53.69,13
22/03/2020 10:00:00,22/03/2020,,,16999,16109,341,,,,ICMR_website_update_22March_10AM_IST.pdf,,,2.01%,47.24,49.85,13
22/03/2020 18:00:00,22/03/2020,,,18127,17237,396,,,,ICMR_website_update_22March_6PM_IST.pdf,,,2.18%,43.53,45.78,14
23/03/2020 10:00:00,23/03/2020,,,18383,17493,415,,,,ICMR_website_update_23March_10AM_IST.pdf,,,2.26%,42.15,44.30,14
23/03/2020 20:00:00,23/03/2020,,,20707,19817,471,,,,ICMR_website_update_23March_8PM_IST.pdf,,,2.27%,42.07,43.96,16
24/03/2020 10:00:00,24/03/2020,,,20864,19974,482,,,,ICMR_website_update_24March_10AM_IST.pdf,,,2.31%,41.44,43.29,16
24/03/2020 20:00:00,24/03/2020,,,22694,21804,536,,,,ICMR_website_update_24March_8PM_IST.pdf,,,2.36%,40.68,42.34,17
25/03/2020 10:00:00,25/03/2020,,,22928,22038,539,,,,ICMR_website_update_25March_10AM_IST.pdf,,,2.35%,40.89,42.54,17
25/03/2020 20:00:00,25/03/2020,,,25144,24254,581,,,,ICMR_website_update_25March_8PM_IST.pdf,,,2.31%,41.75,43.28,19
26/03/2020 10:00:00,26/03/2020,,,,,,,,,,,,,,,
27/03/2020 09:00:00,26/03/2020,,,27688,26798,691,,,,ICMR_website_update_27March_9AM_IST.pdf,,,2.50%,38.78,40.07,21
30/03/2020 00:00:00,30/03/2020,,,38442,,,1334,,,MoH Press conference with Dr. Raman G,,,0.00%,,,29
31/03/2020 00:00:00,31/03/2020,,,42788,,,1733,,,MoH Press conference with Dr. Raman G,,,0.00%,,,32
01/04/2020 00:00:00,01/04/2020,,,47951,,1637,4562,,,https://twitter.com/PTI_News/status/1245308976440340482,,,3.41%,0.00,29.29,36
02/04/2020 21:00:00,02/04/2020,,,55851,,2056,,,,ICMR_testing_update_02April_9PM_IST.pdf,,,3.68%,0.00,27.16,42
03/04/2020 09:00:00,03/04/2020,,,56680,,2183,,,,ICMR_testing_update_03April_9AM_IST.pdf,,,3.85%,0.00,25.96,43
03/04/2020 21:00:00,03/04/2020,,,69245,,2653,,10034,575,ICMR_testing_update_03April_9PM_IST.pdf,,,3.83%,0.00,26.10,52
04/04/2020 21:00:00,04/04/2020,,,79950,,3113,,,,https://icmr.nic.in/sites/default/files/whats_new/ICMR_testing_update_04April_9PM_IST.pdf,,,3.89%,0.00,25.68,60
05/04/2020 21:00:00,05/04/2020,,,89534,,3554,,9369,295,https://icmr.nic.in/sites/default/files/whats_new/ICMR_testing_update_05April_9PM_IST.pdf,,,3.97%,0.00,25.19,67
06/04/2020 21:00:00,06/04/2020,,,101068,,4135,,11432,311,https://icmr.nic.in/sites/default/files/whats_new/ICMR_testing_update_06April_9PM_IST.pdf,,,4.09%,0.00,24.44,76
07/04/2020 21:00:00,07/04/2020,,,114015,,4616,,12584,285,ICMR_testing_update_07April_9PM_IST.pdf,,,4.05%,0.00,24.70,86
08/04/2020 21:00:00,08/04/2020,,,127919,,5114,,13143,320,https://icmr.nic.in/sites/default/files/whats_new/ICMR_testing_update_08April_9PM_IST.pdf,,,4.00%,0.00,25.01,96
09/04/2020 21:00:00,09/04/2020,,,144910,130792,5705,,16002,320,https://icmr.nic.in/sites/default/files/whats_new/ICMR_testing_update_09April_9PM_IST.pdf,,,3.94%,22.93,25.40,109
10/04/2020 21:00:00,10/04/2020,,,161330,147034,6872,,15663,433,https://icmr.nic.in/sites/default/files/whats_new/ICMR_testing_update_10April_9PM_IST.pdf,,,4.26%,21.40,23.48,121
11/04/2020 21:00:00,11/04/2020,,,179374,164773,7703,,17143,600,https://icmr.nic.in/sites/default/files/whats_new/ICMR_testing_update_11April_9PM_IST.pdf,,,4.29%,21.39,23.29,135
12/04/2020 21:00:00,12/04/2020,,,195748,181028,8312,,"15,583",544,https://icmr.nic.in/sites/default/files/whats_new/ICMR_testing_update_12April_9PM_IST.pdf,,,4.25%,21.78,23.55,147
13/04/2020 21:00:00,13/04/2020,,,217554,202551,9341,,,,https://icmr.nic.in/sites/default/files/whats_new/ICMR_testing_update_13April_9PM_IST_0.pdf,,,4.29%,21.68,23.29,163
14/04/2020 21:00:00,14/04/2020,,,244893,229426,10307,,26351,853,https://icmr.nic.in/sites/default/files/whats_new/ICMR_testing_update_14April_9PM_IST.pdf,,,4.21%,22.26,23.76,184
15/04/2020 21:00:00,15/04/2020,,,274599,258730,11297,,28941,953,https://icmr.nic.in/sites/default/files/whats_new/ICMR_testing_update_15April_9PM_IST.pdf,,,4.11%,22.90,24.31,206
16/04/2020 21:00:00,16/04/2020,,,302956,286714,"12,581",,27256,1206,https://icmr.nic.in/sites/default/files/whats_new/ICMR_testing_update_16April_9PM_IST.pdf,,,4.15%,22.79,24.08,227
17/04/2020 21:00:00,17/04/2020,,,335123,318449,14098,,31083,1443,https://icmr.nic.in/sites/default/files/whats_new/ICMR_testing_update_17April_9PM_IST.pdf,,,4.21%,22.59,23.77,251
18/04/2020 21:00:00,18/04/2020,,,372123,354969,16365,,35494,2154,https://icmr.nic.in/sites/default/files/whats_new/ICMR_testing_update_18April_9PM_IST.pdf,,,4.40%,21.69,22.74,279
19/04/2020 21:00:00,19/04/2020,,,401586,383985,17615,,27824,1135,https://icmr.nic.in/sites/default/files/whats_new/ICMR_testing_update_19April_9PM_IST.pdf,,,4.39%,21.80,22.80,301
20/04/2020 21:00:00,20/04/2020,,,,,,,,,,,,,,,
21/04/2020 21:00:00,21/04/2020,,,462621,447812,,,26943,,https://icmr.nic.in/sites/default/files/whats_new/ICMR_testing_update_21April_9PM_IST.pdf,,,0.00%,,,347
22/04/2020 21:00:00,,,,,,,,,,,,,,,,
23/04/2020 09:00:00,22/04/2020,,,500542,485172,21797,,,,https://icmr.nic.in/sites/default/files/whats_new/ICMR_testing_update_23Apr2020_9AM_IST.pdf,,,4.35%,22.26,22.96,376
24/04/2020 09:00:00,23/04/2020,,,541789,525667,23502,,,,https://icmr.nic.in/sites/default/files/whats_new/ICMR_testing_update_24Apr2020_9AM_IST.pdf,,,4.34%,22.37,23.05,406
25/04/2020 09:00:00,24/04/2020,,,579957,,,,,,https://icmr.nic.in/sites/default/files/whats_new/ICMR_testing_update_25Apr2020_9AM_IST.pdf,,,0.00%,,,435
26/04/2020 09:00:00,25/04/2020,,,625309,,,,,,https://icmr.nic.in/sites/default/files/whats_new/ICMR_testing_update_26Apr2020_9AM_IST.pdf,,,4.20%,,,469
27/04/2020 09:00:00,26/04/2020,,,665819,,,,,,https://icmr.nic.in/sites/default/files/whats_new/ICMR_testing_update_27Apr2020_9AM_IST.pdf,,,4.19%,,,500
28/04/2020 09:00:00,27/04/2020,,,716733,,,,,,https://www.icmr.nic.in/pdf/covid/update/ICMR_testing_update_28Apr2020_9AM_IST.pdf,,,4.11%,,,538
29/04/2020 09:00:00,28/04/2020,,,770764,,,,,,https://www.icmr.gov.in/pdf/covid/update/ICMR_testing_update_29Apr2020_9AM_IST.pdf,,,4.07%,,,578
30/04/2020 09:00:00,29/04/2020,,,830201,,,,,,https://www.icmr.gov.in/pdf/covid/update/ICMR_testing_update_30Apr2020_9AM_IST.pdf,,,3.98%,,,623
01/05/2020 09:00:00,30/04/2020,,,902654,,,,,,https://www.icmr.gov.in/pdf/covid/update/ICMR_testing_update_01May2020_9AM_IST.pdf,,,3.86%,,,677
02/05/2020 09:00:00,01/05/2020,,,976363,,,,,,https://www.icmr.gov.in/pdf/covid/update/ICMR_testing_update_02May2020_9AM_IST.pdf,,,3.82%,,,733
03/05/2020 09:00:00,02/05/2020,,,1046450,,,,,,https://www.icmr.gov.in/pdf/covid/update/ICMR_testing_update_03May2020_9AM_IST.pdf,,,3.81%,,,785
04/05/2020 09:00:00,03/05/2020,,,1107233,,,,,,https://www.icmr.gov.in/pdf/covid/update/ICMR_testing_update_04May2020_9AM_IST.pdf,,,3.86%,,,831
05/05/2020 09:00:00,04/05/2020,,,1191946,,,,,,https://www.icmr.gov.in/pdf/covid/update/ICMR_testing_update_05May2020_9AM_IST.pdf,,,3.90%,,,894
06/05/2020 09:00:00,05/05/2020,,,1276781,,,,,,https://www.icmr.gov.in/pdf/covid/update/ICMR_testing_update_06May2020_9AM_IST.pdf,,,3.87%,,,958
07/05/2020 09:00:00,06/05/2020,,,1357413,,,,,,https://www.icmr.gov.in/pdf/covid/update/ICMR_testing_update_07May2020_9AM_IST.pdf,,,3.91%,,,1018
08/05/2020 09:00:00,07/05/2020,,,1437788,,,,,,https://www.icmr.gov.in/pdf/covid/update/ICMR_testing_update_08May2020_9AM_IST.pdf,,,3.92%,,,1079
09/05/2020 09:00:00,08/05/2020,,,1523213,,,,,,https://www.icmr.gov.in/pdf/covid/update/ICMR_testing_update_09May2020_9AM_IST.pdf,,,3.92%,,,1143
10/05/2020 09:00:00,09/05/2020,,,1609037,,,,,,https://www.icmr.gov.in/pdf/covid/update/ICMR_testing_update_10May2020_9AM_IST.pdf,,,3.91%,,,1207
11/05/2020 09:00:00,10/05/2020,,,1673688,,,,,,https://www.icmr.gov.in/pdf/covid/update/ICMR_testing_update_11May2020_9AM_IST.pdf,,,4.01%,,,1256
12/05/2020 09:00:00,11/05/2020,,,1759579,,,,,,https://www.icmr.gov.in/pdf/covid/update/ICMR_testing_update_12May2020_9AM_IST.pdf,,,4.02%,,,1320
13/05/2020 09:00:00,12/05/2020,,,1854250,,,,,,https://www.icmr.gov.in/pdf/covid/update/ICMR_testing_update_13May2020_9AM_IST.pdf,,,4.01%,,,1391
14/05/2020 09:00:00,13/05/2020,,,1947041,,,,,,https://www.icmr.gov.in/pdf/covid/update/ICMR_testing_update_14May2020_9AM_IST.pdf,,,4.01%,,,1461
15/05/2020 09:00:00,14/05/2020,,,2039952,,,,,,https://www.icmr.gov.in/pdf/covid/update/ICMR_testing_update_15May2020_9AM_IST.pdf,,,4.02%,,,1530
16/05/2020 09:00:00,15/05/2020,,,2134277,,,,,,https://www.icmr.gov.in/pdf/covid/update/ICMR_testing_update_16May2020_9AM_IST.pdf,,,4.02%,,,1601
17/05/2020 09:00:00,16/05/2020,,,2227642,,,,,,https://www.icmr.gov.in/pdf/covid/update/ICMR_testing_update_17May2020_9AM_IST.pdf,,,4.07%,,,1671
18/05/2020 09:00:00,17/05/2020,,,2302792,,,,,,https://www.icmr.gov.in/pdf/covid/update/ICMR_testing_update_18May2020_9AM_IST.pdf,,,4.16%,,,1728
19/05/2020 09:00:00,18/05/2020,,,2404267,,,,,,https://www.icmr.gov.in/pdf/covid/update/ICMR_testing_update_19May2020_9AM_IST.pdf,,,4.17%,,,1804
20/05/2020 09:00:00,19/05/2020,,,2512388,,,,108121,,https://www.icmr.gov.in/pdf/covid/update/ICMR_testing_update_20May2020_9AM_IST.pdf,,,4.24%,,,1885
21/05/2020 09:00:00,20/05/2020,,,2615920,,,,103532,,https://www.icmr.gov.in/pdf/covid/update/ICMR_testing_update_21May2020_9AM_IST.pdf,,,4.29%,,,1963
22/05/2020 09:00:00,21/05/2020,,,2719434,,,,103514,,https://t.me/Covid19india_Auxiliary_Test_Data/99,,,4.35%,,,2040
23/05/2020 09:00:00,22/05/2020,,,2834798,,,,115364,,https://t.me/Covid19india_Auxiliary_Test_Data/110,,,4.40%,,,2127
24/05/2020 09:00:00,23/05/2020,,,2943421,,,,108623,,https://t.me/Covid19india_Auxiliary_Test_Data/129,,,4.47%,,,2208
25/05/2020 09:00:00,24/05/2020,,,3033591,,,,90170,,https://t.me/Covid19india_Auxiliary_Test_Data/146,,,4.57%,,,2276
26/05/2020 09:00:00,25/05/2020,,,3126119,,,,92528,,https://t.me/Covid19india_Auxiliary_Test_Data/160,,,4.64%,,,2345
27/05/2020 09:00:00,26/05/2020,,,3242160,,,,116041,,https://t.me/Covid19india_Auxiliary_Test_Data/177,,,4.65%,,,2432
28/05/2020 09:00:00,27/05/2020,,,3362136,,,,119976,,https://t.me/Covid19india_Auxiliary_Test_Data/194,,,4.70%,,,2522
29/05/2020 09:00:00,28/05/2020,,,3483838,,,,121702,,https://t.me/Covid19india_Auxiliary_Test_Data/211,,,4.75%,,,2614
30/05/2020 09:00:00,29/05/2020,,,3611599,,,,127761,,https://t.me/Covid19india_Auxiliary_Test_Data/228,,,4.80%,,,2710
31/05/2020 09:00:00,30/05/2020,,,3737027,,,,125428,,https://t.me/Covid19india_Auxiliary_Test_Data/236,,,4.87%,,,2804
01/06/2020 09:00:00,31/05/2020,,,3837207,,,,100180,,https://t.me/Covid19india_Auxiliary_Test_Data/253,,,4.97%,,,2879
02/06/2020 09:00:00,01/06/2020,,,3966075,,,,128868,,https://twitter.com/ICMRDELHI/status/1267665101781266433?s=20,,,5.00%,,,2976
03/06/2020 09:00:00,02/06/2020,,,4103233,,,,137158,,https://twitter.com/ICMRDELHI/status/1268030064467165184?s=19,,,5.05%,,,3078
04/06/2020 09:00:00,03/06/2020,,,4242718,,,,139485,,https://t.me/Covid19india_Auxiliary_Test_Data/294,,,5.11%,,,3183
05/06/2020 09:00:00,04/06/2020,,,4386379,,,,143661,,https://t.me/Covid19india_Auxiliary_Test_Data/313,,,5.17%,,,3291
06/06/2020 09:00:00,05/06/2020,,,4524317,,,,137938,,https://twitter.com/ICMRDELHI/status/1269111826618302464?s=19,,,5.22%,,,3394
07/06/2020 09:00:00,06/06/2020,,,4666386,,,,142069,,https://t.me/Covid19india_Auxiliary_Test_Data/340,,,5.28%,,,3501
08/06/2020 09:00:00,07/06/2020,,,4774434,,,,108048,,https://t.me/Covid19india_Auxiliary_Test_Data/355,,,5.39%,,,3582
09/06/2020 09:00:00,08/06/2020,,,4916116,,,,141682,,https://t.me/Covid19india_Auxiliary_Test_Data/374,,,5.41%,,,3688
10/06/2020 09:00:00,09/06/2020,,,5061332,,,,145216,,https://t.me/Covid19india_Auxiliary_Test_Data/388,,,5.45%,,,3797
11/06/2020 09:00:00,10/06/2020,,,5213140,,,,151808,,https://t.me/Covid19india_Auxiliary_Test_Data/402,,,5.51%,,,3911
12/06/2020 09:00:00,11/06/2020,,,5363445,,,,150305,,https://t.me/Covid19india_Auxiliary_Test_Data/419,,,5.56%,,,4024
13/06/2020 09:00:00,12/06/2020,,,5507182,,,,143737,,https://twitter.com/ICMRDELHI/status/1271652968694075393?s=09,,,5.62%,,,4132
14/06/2020 09:00:00,13/06/2020,,,5658614,,,,151432,,https://t.me/Covid19india_Auxiliary_Test_Data/448,,,5.68%,,,4245
15/06/2020 09:00:00,14/06/2020,,,5774133,,,,115519,,https://t.me/Covid19india_Auxiliary_Test_Data/472,,,5.77%,,,4332
16/06/2020 09:00:00,15/06/2020,,,5921069,,,,154935,,https://t.me/Covid19india_Auxiliary_Test_Data/490,,,5.79%,,,4442
17/06/2020 09:00:00,16/06/2020,,,6084256,,,,163187,,https://t.me/Covid19india_Auxiliary_Test_Data/509,,,5.82%,,,4565
18/06/2020 09:00:00,17/06/2020,,,6249668,,,,165412,,https://t.me/Covid19india_Auxiliary_Test_Data/525,,,5.88%,,,4689
19/06/2020 09:00:00,18/06/2020,,,6426627,,,,176959,,https://t.me/Covid19india_Auxiliary_Test_Data/543,,,5.93%,,,4822
20/06/2020 09:00:00,19/06/2020,,,6616496,,,,189869,,https://t.me/Covid19india_Auxiliary_Test_Data/562,,,5.98%,,,4964
21/06/2020 09:00:00,20/06/2020,,,6807226,,,,190730,,https://t.me/Covid19india_Auxiliary_Test_Data/577,,,6.05%,,,5107
22/06/2020 09:00:00,21/06/2020,,,6950493,,,,143267,,https://t.me/Covid19india_Auxiliary_Test_Data/594,https://twitter.com/ICMRDELHI/status/1274913260559577090?s=19,,6.14%,,,5215
23/06/2020 09:00:00,22/06/2020,,,7137716,,,,187223,,https://t.me/Covid19india_Auxiliary_Test_Data/610,https://twitter.com/ICMRDELHI/status/1275277617864699906?s=19,,6.17%,,,5355
24/06/2020 09:00:00,23/06/2020,,,7352911,,,,215195,,https://twitter.com/ICMRDELHI/status/1275632600481067008/photo/1,https://t.me/Covid19india_Auxiliary_Test_Data/628,,6.20%,,,5516
25/06/2020 09:00:00,24/06/2020,,,7560782,,,,207871,,https://twitter.com/ICMRDELHI/status/1275995927824588802,,,6.26%,,,5672
26/06/2020 09:00:00,25/06/2020,,,7776228,,,,215446,,https://twitter.com/ICMRDELHI/status/1276356899642859520,,,6.32%,,,5834
27/06/2020 09:00:00,26/06/2020,,,7996707,,,,220479,,https://twitter.com/ICMRDELHI/status/1276720050066452481,https://t.me/Covid19india_Auxiliary_Test_Data/686,,6.37%,,,5999
28/06/2020 09:00:00,27/06/2020,,,8227802,,,,231095,,https://twitter.com/ICMRDELHI/status/1277084645016797190,https://t.me/Covid19india_Auxiliary_Test_Data/712,,6.44%,,,6173
29/06/2020 09:00:00,28/06/2020,,,8398362,,,,170560,,https://twitter.com/ICMRDELHI/status/1277441381988921344,https://t.me/Covid19india_Auxiliary_Test_Data/740,,6.54%,,,6301
30/06/2020 09:00:00,29/06/2020,,,8608654,,,,210292,,https://twitter.com/ICMRDELHI/status/1277811671281446913,https://t.me/Covid19india_Auxiliary_Test_Data/774,,6.59%,,,6459
01/07/2020 09:00:00,30/06/2020,,,8826585,,,,217931,,https://twitter.com/ICMRDELHI/status/1278172186612609025,https://t.me/Covid19india_Auxiliary_Test_Data/804,,6.64%,,,6622
02/07/2020 09:00:00,01/07/2020,,,9056173,,,,229588,,https://twitter.com/ICMRDELHI/status/1278529927797551104,https://t.me/Covid19india_Auxiliary_Test_Data/830,,6.68%,,,6794
03/07/2020 09:00:00,02/07/2020,,,9297749,,,,241576,,https://twitter.com/ICMRDELHI/status/1278893457470222337,https://t.me/Covid19india_Auxiliary_Test_Data/866,,6.75%,,,6976
04/07/2020 09:00:00,03/07/2020,,,9540132,,,,242383,,https://twitter.com/ICMRDELHI/status/1279256992754790405,https://t.me/Covid19india_Auxiliary_Test_Data/882,,6.81%,,,7157
05/07/2020 09:00:00,04/07/2020,,,9789066,,,,248934,,https://twitter.com/ICMRDELHI/status/1279624025497427968,https://t.me/Covid19india_Auxiliary_Test_Data/920,,6.88%,,,7344
06/07/2020 09:00:00,05/07/2020,,,9969662,,,,180596,,https://twitter.com/ICMRDELHI/status/1279980092995694592,https://t.me/Covid19india_Auxiliary_Test_Data/946,,7.00%,,,7480
07/07/2020 09:00:00,06/07/2020,,,10211092,,,,241430,,https://twitter.com/ICMRDELHI/status/1280347767114629120,https://t.me/Covid19india_Auxiliary_Test_Data/975,,7.05%,,,7661
08/07/2020 09:00:00,07/07/2020,,,10473771,,,,262679,,https://twitter.com/ICMRDELHI/status/1280707600015749120,https://t.me/Covid19india_Auxiliary_Test_Data/1000,,7.10%,,,7858
09/07/2020 09:00:00,08/07/2020,,,10740832,,,,267061,,https://twitter.com/ICMRDELHI/status/1281068228542738432,https://t.me/Covid19india_Auxiliary_Test_Data/1022,,7.16%,,,8058
10/07/2020 09:00:00,09/07/2020,,,11024491,,,,283659,,https://twitter.com/ICMRDELHI/status/1281436467487629312,https://t.me/Covid19india_Auxiliary_Test_Data/1048,,7.21%,,,8271
11/07/2020 09:00:00,10/07/2020,,,11307002,,,,282511,,https://twitter.com/ICMRDELHI/status/1281794800195301376,https://t.me/Covid19india_Auxiliary_Test_Data/1066,,7.28%,,,8483
12/07/2020 09:00:00,11/07/2020,,,11587153,,,,280151,,https://twitter.com/ICMRDELHI/status/1282160902507130881,https://t.me/Covid19india_Auxiliary_Test_Data/1091,,7.34%,,,8693
13/07/2020 09:00:00,12/07/2020,,,11806256,,,,219103,,https://twitter.com/ICMRDELHI/status/1282518284718358528,https://t.me/Covid19india_Auxiliary_Test_Data/1108,,7.45%,,,8858
14/07/2020 09:00:00,13/07/2020,,,12092503,,,,286247,,https://twitter.com/ICMRDELHI/status/1282888590230319104,https://t.me/Covid19india_Auxiliary_Test_Data/1132,,7.51%,,,9072
15/07/2020 09:00:00,14/07/2020,,,12412664,,,,320161,,https://twitter.com/ICMRDELHI/status/1283242773781467136,https://t.me/Covid19india_Auxiliary_Test_Data/1159,,7.55%,,,9313
16/07/2020 09:00:00,15/07/2020,,,12739490,,,,326826,,https://twitter.com/ICMRDELHI/status/1283601928279080960/photo/1,https://t.me/Covid19india_Auxiliary_Test_Data/1177,,7.62%,,,9558
17/07/2020 09:00:00,16/07/2020,,,13072718,,,,333228,,https://twitter.com/ICMRDELHI/status/1283977904246845442,https://t.me/Covid19india_Auxiliary_Test_Data/1189,,7.69%,,,9808
18/07/2020 09:00:00,17/07/2020,,,13433742,,,,361024,,https://twitter.com/ICMRDELHI/status/1284329467804966912,https://t.me/Covid19india_Auxiliary_Test_Data/1208,,7.75%,,,10079
19/07/2020 09:00:00,18/07/2020,,,13791869,,,,358127,,https://twitter.com/ICMRDELHI/status/1284689929360928771,https://t.me/Covid19india_Auxiliary_Test_Data/1225,,7.82%,,,10347
20/07/2020 09:00:00,19/07/2020,,,14047908,,,,256039,,https://twitter.com/ICMRDELHI/status/1285050262583865355,https://t.me/Covid19india_Auxiliary_Test_Data/1236,,7.96%,,,10539
21/07/2020 09:00:00,20/07/2020,,,14381303,,,,333395,,https://twitter.com/ICMRDELHI/status/1285414282545393664,https://t.me/Covid19india_Auxiliary_Test_Data/1258,,8.03%,,,10789
22/07/2020 09:00:00,21/07/2020,,,14724546,,,,343243,,https://twitter.com/ICMRDELHI/status/1285783025494581249,https://t.me/Covid19india_Auxiliary_Test_Data/1284,,8.11%,,,11047
23/07/2020 09:00:00,22/07/2020,,,15075369,,,,350823,,https://twitter.com/ICMRDELHI/status/1286141514586836993,https://t.me/Covid19india_Auxiliary_Test_Data/1314,,8.22%,,,11310
24/07/2020 09:00:00,23/07/2020,,,15428170,,,,352801,,https://twitter.com/ICMRDELHI/status/1286510593147510785,https://t.me/Covid19india_Auxiliary_Test_Data/1342,,8.35%,,,11575
25/07/2020 09:00:00,24/07/2020,,,15849068,,,,420898,,https://twitter.com/ICMRDELHI/status/1286867899387281408,https://t.me/Covid19india_Auxiliary_Test_Data/1361,,8.44%,,,11891
26/07/2020 09:00:00,25/07/2020,,,16291331,,,,442263,,https://twitter.com/ICMRDELHI/status/1287231590263734273,https://t.me/Covid19india_Auxiliary_Test_Data/1375,,8.51%,,,12222
27/07/2020 09:00:00,26/07/2020,,,16806803,,,,515472,,http://twitter.com/ICMRDELHI/status/1287592304845320192,https://t.me/Covid19india_Auxiliary_Test_Data/1397,,8.54%,,,12609
28/07/2020 09:00:00,27/07/2020,,,17334885,,,,528082,,https://twitter.com/ICMRDELHI/status/1287966108058677249,https://t.me/Covid19india_Auxiliary_Test_Data/1415,,8.55%,,,13005
29/07/2020 09:00:00,28/07/2020,,,17743740,,,,408855,,http://twitter.com/ICMRDELHI/status/1288314973576245249,https://t.me/Covid19india_Auxiliary_Test_Data/1427,,8.63%,,,13312
30/07/2020 09:00:00,29/07/2020,,,18190382,,,,446642,,http://twitter.com/ICMRDELHI/status/1288670449858048002,https://t.me/Covid19india_Auxiliary_Test_Data/1445,,8.71%,,,13647
31/07/2020 09:00:00,30/07/2020,,,18832970,,,,642588,,http://twitter.com/ICMRDELHI/status/1289043276205457410,https://t.me/Covid19india_Auxiliary_Test_Data/1464,,8.71%,,,14129
01/08/2020 09:00:00,31/07/2020,,,19358659,,,,525689,,https://twitter.com/ICMRDELHI/status/1289405341722001408?s=20),https://t.me/Covid19india_Auxiliary_Test_Data/1478,,8.77%,,,14524
02/08/2020 09:00:00,01/08/2020,,,19821831,,,,463172,,https://twitter.com/ICMRDELHI/status/1289776921459359745,https://t.me/Covid19india_Auxiliary_Test_Data/1492,,8.84%,,,14871
03/08/2020 09:00:00,02/08/2020,,,20202858,,,,381027,,https://twitter.com/ICMRDELHI/status/1290136251295657986,https://t.me/Covid19india_Auxiliary_Test_Data/1508,,8.93%,,,15157
04/08/2020 09:00:00,03/08/2020,,,20864750,,,,661892,,http://twitter.com/ICMRDELHI/status/1290484131848024066,https://t.me/Covid19india_Auxiliary_Test_Data/1522,,8.89%,,,15654
05/08/2020 09:00:00,04/08/2020,,,21484402,,,,619652,,http://twitter.com/ICMRDELHI/status/1290849286985404417,https://t.me/Covid19india_Auxiliary_Test_Data/1540,,8.87%,,,16119
06/08/2020 09:00:00,05/08/2020,,,22149351,,,,664949,,http://twitter.com/ICMRDELHI/status/1291210644855730176,https://t.me/Covid19india_Auxiliary_Test_Data/1560,,8.86%,,,16617
07/08/2020 09:00:00,06/08/2020,,,22788393,,,,639042,,http://twitter.com/ICMRDELHI/status/1291581826817908737,https://t.me/Covid19india_Auxiliary_Test_Data/1574,,8.89%,,,17097
08/08/2020 09:00:00,07/08/2020,,,23387171,,,,598778,,http://twitter.com/ICMRDELHI/status/1291945755314249731,https://t.me/Covid19india_Auxiliary_Test_Data/1596,,8.92%,,,17546
09/08/2020 09:00:00,08/08/2020,,,24106535,,,,719364,,http://twitter.com/ICMRDELHI/status/1292303919930945537,https://t.me/Covid19india_Auxiliary_Test_Data/1622,,8.93%,,,18086
10/08/2020 09:00:00,09/08/2020,178394,14377704,24583558,,,,477023,,https://twitter.com/ICMRDELHI/status/1292671584549789696,https://t.me/Covid19india_Auxiliary_Test_Data/1642,https://t.me/Covid19india_Auxiliary_Test_Data/1889,9.01%,,,18444
11/08/2020 09:00:00,10/08/2020,365020,14742724,25281848,,,,698290,,http://twitter.com/ICMRDELHI/status/1293043854820519936,https://t.me/Covid19india_Auxiliary_Test_Data/1660,https://t.me/Covid19india_Auxiliary_Test_Data/1891,8.97%,,,18968
12/08/2020 09:00:00,11/08/2020,368344,15111068,26015297,,,,733449,,https://twitter.com/ICMRDELHI/status/1293400350183940096,https://t.me/Covid19india_Auxiliary_Test_Data/1677,https://t.me/Covid19india_Auxiliary_Test_Data/1891,8.95%,,,19518
13/08/2020 09:00:00,12/08/2020,392348,15503416,26845688,,,,830391,,https://twitter.com/ICMRDELHI/status/1293766272744697856?s=20,https://t.me/Covid19india_Auxiliary_Test_Data/1692,https://t.me/Covid19india_Auxiliary_Test_Data/1891,8.92%,,,20141
14/08/2020 09:00:00,13/08/2020,410635,15914051,27694416,,,,848728,,http://twitter.com/ICMRDELHI/status/1294118346384797697,https://t.me/Covid19india_Auxiliary_Test_Data/1704,https://t.me/Covid19india_Auxiliary_Test_Data/1891,8.88%,,,20778
15/08/2020 09:00:00,14/08/2020,391987,16306038,28563095,,,,868679,,http://twitter.com/ICMRDELHI/status/1294485146712698880,https://t.me/Covid19india_Auxiliary_Test_Data/1724,https://t.me/Covid19india_Auxiliary_Test_Data/1891,8.84%,,,21429
16/08/2020 09:00:00,15/08/2020,262944,16568982,29309703,,,,746608,,http://twitter.com/ICMRDELHI/status/1294841110259326976,https://t.me/Covid19india_Auxiliary_Test_Data/1739,https://t.me/Covid19india_Auxiliary_Test_Data/1891,8.83%,,,21989
17/08/2020 09:00:00,16/08/2020,234952,16803934,30041400,,,,731697,,http://twitter.com/ICMRDELHI/status/1295198089125355521,https://t.me/Covid19india_Auxiliary_Test_Data/1752,,8.81%,,,22538
18/08/2020 09:00:00,17/08/2020,447058,17250992,30941264,,,,899864,,https://twitter.com/ICMRDELHI/status/1295561779540459520,https://t.me/Covid19india_Auxiliary_Test_Data/1771,https://t.me/Covid19india_Auxiliary_Test_Data/1894,8.73%,,,23213
19/08/2020 09:00:00,18/08/2020,438072,17689064,31742782,,,,801518,,http://twitter.com/ICMRDELHI/status/1295929066009182210,https://t.me/Covid19india_Auxiliary_Test_Data/1791,https://t.me/Covid19india_Auxiliary_Test_Data/1894,8.72%,,,23815
20/08/2020 09:00:00,19/08/2020,424438,18113502,32661252,,,,918470,,https://twitter.com/ICMRDELHI/status/1296296417372250113,https://t.me/Covid19india_Auxiliary_Test_Data/1804,https://t.me/Covid19india_Auxiliary_Test_Data/1894,8.68%,,,24504
21/08/2020 09:00:00,20/08/2020,423479,18536981,33467237,,,,805985,,http://twitter.com/ICMRDELHI/status/1296650359285243905,https://t.me/Covid19india_Auxiliary_Test_Data/1820,https://t.me/Covid19india_Auxiliary_Test_Data/1894,8.68%,,,25109
22/08/2020 09:00:00,21/08/2020,416067,18953048,34491073,,,,1023836,,http://twitter.com/ICMRDELHI/status/1297010234624315393,https://t.me/Covid19india_Auxiliary_Test_Data/1839,https://t.me/Covid19india_Auxiliary_Test_Data/1879,8.62%,,,25877
23/08/2020 09:00:00,22/08/2020,331560,19284608,35292220,,,,801147,,https://twitter.com/ICMRDELHI/status/1297387806818353152,https://t.me/Covid19india_Auxiliary_Test_Data/1862,https://t.me/Covid19india_Auxiliary_Test_Data/1881,8.62%,,,26478
24/08/2020 09:00:00,23/08/2020,256070,19540678,35902137,,,,609917,,https://twitter.com/ICMRDELHI/status/1297742879255719936?s=20,https://t.me/Covid19india_Auxiliary_Test_Data/1874,https://t.me/Covid19india_Auxiliary_Test_Data/1875,8.65%,,,26935
25/08/2020 09:00:00,24/08/2020,458481,19999159,36827520,,,,925383,,https://twitter.com/ICMRDELHI/status/1298107913597153280?s=20,https://t.me/Covid19india_Auxiliary_Test_Data/1904,https://t.me/Covid19india_Auxiliary_Test_Data/1902,8.59%,,,27630
26/08/2020 09:00:00,25/08/2020,474795,20473954,37651512,,,,823992,,https://twitter.com/ICMRDELHI/status/1298463649770553344?s=20,https://t.me/Covid19india_Auxiliary_Test_Data/1923,https://t.me/Covid19india_Auxiliary_Test_Data/1920,8.58%,,,28248
27/08/2020 09:00:00,26/08/2020,473145,20947099,38576510,,,,924998,,https://twitter.com/ICMRDELHI/status/1298823131100938241?s=20,https://t.me/Covid19india_Auxiliary_Test_Data/1944,https://t.me/Covid19india_Auxiliary_Test_Data/1941,8.57%,,,28942
28/08/2020 09:00:00,27/08/2020,458987,21406086,39477848,,,,901338,,https://twitter.com/ICMRDELHI/status/1299192086776786944?s=20,https://t.me/Covid19india_Auxiliary_Test_Data/1964,https://t.me/Covid19india_Auxiliary_Test_Data/1961,8.57%,,,29618
29/08/2020 09:00:00,28/08/2020,450468,21856554,40406609,,,,928761,,https://www.icmr.gov.in/pdf/covid/update/ICMR_testing_update_29Aug2020.pdf,https://t.me/Covid19india_Auxiliary_Test_Data/1985,https://t.me/Covid19india_Auxiliary_Test_Data/1982,8.57%,,,30315
30/08/2020 09:00:00,29/08/2020,431191,22287745,41461636,,,,1055027,,http://twitter.com/ICMRDELHI/status/1299912932717813761,https://t.me/Covid19india_Auxiliary_Test_Data/2002,https://t.me/Covid19india_Auxiliary_Test_Data/2004?single,8.54%,,,31106
31/08/2020 09:00:00,30/08/2020,257124,22544869,42307914,,,,846278,,https://www.icmr.gov.in/pdf/covid/update/ICMR_testing_update_31Aug2020.pdf,https://t.me/Covid19india_Auxiliary_Test_Data/2038,https://t.me/Covid19india_Auxiliary_Test_Data/2036,8.55%,,,31741
01/09/2020 09:00:00,31/08/2020,481071,23025940,43324834,,,,1016920,,https://www.icmr.gov.in/pdf/covid/update/ICMR_testing_update_01Sept2020.pdf,https://t.me/Covid19india_Auxiliary_Test_Data/2058,https://t.me/Covid19india_Auxiliary_Test_Data/2050,8.51%,,,32504
02/09/2020 09:00:00,01/09/2020,460496,23486436,44337201,,,,1012367,,https://www.icmr.gov.in/pdf/covid/update/ICMR_testing_update_02Sept2020.pdf,https://t.me/Covid19india_Auxiliary_Test_Data/2080,https://t.me/Covid19india_Auxiliary_Test_Data/2078,8.49%,,,33264
03/09/2020 09:00:00,02/09/2020,447027,23933463,45509380,,,,1172179,,https://www.icmr.gov.in/pdf/covid/update/ICMR_testing_update_03Sept2020.pdf,https://t.me/Covid19india_Auxiliary_Test_Data/2107,https://t.me/Covid19india_Auxiliary_Test_Data/2104,8.46%,,,34143
04/09/2020 09:00:00,03/09/2020,452079,24385542,46679145,,,,1169765,,https://www.icmr.gov.in/pdf/covid/update/ICMR_testing_update_04Sept2020.pdf,https://t.me/Covid19india_Auxiliary_Test_Data/2132,https://t.me/Covid19india_Auxiliary_Test_Data/2130,8.43%,,,35021